{"cameraMode":{"drawMode":0,"name":"Shaded","section":"Shading Mode"},"sceneLighting":true,"audioPlay":false,"sceneViewState":{"showFog":true,"showMaterialUpdate":true,"showSkybox":true,"showFlares":true,"showImageEffects":true,"showParticleSystems":true},"in2DMode":false,"pivot":{"x":-0.022556066513061525,"y":0.005828112363815308,"z":-0.012070655822753907},"rotation":{"x":0.12290399521589279,"y":-0.14180094003677369,"z":0.017746012657880784,"w":0.9820749163627625},"size":13.459485054016114,"orthographic":false}