{"cameraMode":{"drawMode":0,"name":"Shaded","section":"Shading Mode"},"sceneLighting":false,"audioPlay":false,"sceneViewState":{"showFog":true,"showMaterialUpdate":true,"showSkybox":true,"showFlares":true,"showImageEffects":true,"showParticleSystems":true},"in2DMode":false,"pivot":{"x":4.76837158203125e-7,"y":-0.929999828338623,"z":811.9000244140625},"rotation":{"x":0.12290399521589279,"y":-0.14180094003677369,"z":0.017746012657880784,"w":0.9820749163627625},"size":42.303714752197269,"orthographic":false}